Additional Genes Checked,,,
Gene_Name,RSID,Genotype,Phenotype
F5,rs1799963,,
F2,rs6025,,
VKORC1,rs9923231,,
IFNL3,rs12979860,,
,rs2242480,,
ABCB1,rs1045642,,
,rs2235040,,
,rs1128503,,
,rs2032582,,
CES1,rs71647871,,
ADORA2A,rs5751876,,
ADRB2,rs1042713,,
DRD2,rs1800497,,
ANKK1,rs1800497,,
XPC,rs2228001,,
ITPA,rs1127354,,
,rs7270101,,
GNB3,rs5443,,
,rs7997012,,
,rs28399499,,
,rs3745274,,
MTHFR,rs1801133,,
,rs7254579,,
,rs12721655,,
,rs4802101,,
,rs3211371,,
,rs8192709,,
,rs2279343,,
,rs3745274,,
CYP1A2,rs762551,,
,rs2069514,,
,rs2740574,,
DRD2,rs1799978,,
,rs2242480,,
,rs3813929,,
,rs2242480,,
,rs924607,,
,rs762551,,
,rs7997012,,
,rs3813929,,
,rs776746,,
OPRM1,rs1799971,,
,rs2231142,,
,rs4680,,
ABCG2,rs1801131,,
HLA-A,-,,
HLA-B,-,,
HLA-C,-,,
HLA-DRB1,-,,
